OID_,osm_id,code,fclass,name,POINT_X,POINT_Y,POINT_Z
23361,8992205027,2907,camera_surveillance, ,2.231006,48.8959831,0
23362,8992205028,2907,camera_surveillance, ,2.2308656,48.8955311,0
21204,7731594918,2541,car_dealership,Toyota,2.2283959,48.8953358,0
19515,6776938403,2906,waste_basket, ,2.2406095,48.8951788,0
20063,7178203286,2906,waste_basket, ,2.237814,48.8948399,0
5335,1854959700,2907,camera_surveillance, ,2.240865,48.8947978,0
21208,7731676839,2301,restaurant,Bib & Guss,2.2299835,48.894785,0
15896,5442713011,2902,bench, ,2.2419996,48.8947245,0
23978,9137670484,2701,tourist_info, ,2.2381455,48.8947038,0
15897,5442713012,2902,bench, ,2.2418397,48.8946795,0
464,442157566,2903,drinking_water, ,2.241902,48.8945869,0
21207,7731671068,2304,pub,Les gentlemen,2.2303412,48.8945481,0
23954,9136877173,2906,waste_basket, ,2.2380412,48.8944177,0
19583,6782689215,2906,waste_basket, ,2.2435686,48.8943655,0
23976,9137670482,2906,waste_basket, ,2.2378406,48.89436,0
3054,1188300026,2902,bench, ,2.2444136,48.8943446,0
16425,5543528832,2907,camera_surveillance, ,2.2275116,48.8943245,0
6055,2002489894,2907,camera_surveillance, ,2.237646,48.8943196,0
27,165738645,2302,fast_food,Big Fernand,2.2311932,48.8942633,0
2536,998633934,2907,camera_surveillance, ,2.2444985,48.8941774,0
5608,1930418882,2907,camera_surveillance, ,2.2358097,48.894141,0
23957,9136877177,2906,waste_basket, ,2.2383751,48.8940922,0
21209,7731678927,2304,pub,Mosai,2.2300277,48.8940787,0
5592,1930350789,2907,camera_surveillance, ,2.2394435,48.8940539,0
5400,1888048180,2907,camera_surveillance, ,2.240404,48.8940449,0
4920,1768798758,2906,waste_basket, ,2.2306215,48.8940066,0
23974,9137670480,2906,waste_basket, ,2.2382265,48.8940033,0
22125,8284069768,2701,tourist_info, ,2.2385745,48.8939027,0
815,596743752,2724,memorial,Monuments aux morts pour la France,2.2325309,48.893893,0
5806,1955807648,2907,camera_surveillance, ,2.238846,48.8938763,0
23972,9137670477,2906,waste_basket, ,2.2384219,48.8938226,0
17486,6009644601,2903,drinking_water, ,2.2308331,48.8938135,0
17485,6009644600,2906,waste_basket, ,2.2308623,48.8938047,0
20683,7437390233,2725,artwork,Slat,2.2355703,48.8936956,0
4059,1404732466,2004,post_box, ,2.2428399,48.8936799,0
5815,1956560539,2907,camera_surveillance, ,2.2417908,48.8936705,0
8835,2813297919,2906,waste_basket, ,2.2382196,48.8936518,0
8834,2813297917,2902,bench, ,2.2382313,48.8936443,0
5816,1956560579,2907,camera_surveillance, ,2.2419102,48.8936285,0
5902,1984263936,2907,camera_surveillance, ,2.2359922,48.8936183,0
8833,2813297910,2906,waste_basket, ,2.2383074,48.8936096,0
8832,2813297908,2902,bench, ,2.2382928,48.8936041,0
17483,6009644598,2906,waste_basket, ,2.2315315,48.8935933,0
5805,1955771883,2907,camera_surveillance, ,2.2398518,48.8935924,0
17484,6009644599,2906,waste_basket, ,2.23155,48.8935876,0
5411,1891366466,2907,camera_surveillance, ,2.2382819,48.8935653,0
8831,2813297800,2906,waste_basket, ,2.2381002,48.8935533,0
19582,6782689214,2907,camera_surveillance, ,2.2428307,48.8935479,0
8830,2813297799,2906,waste_basket, ,2.238123,48.8935392,0
5814,1956554617,2907,camera_surveillance, ,2.2432121,48.8935378,0
5813,1956554616,2907,camera_surveillance, ,2.243208,48.8935344,0
15460,5309090120,2902,bench, ,2.2318366,48.8934655,0
17482,6009644597,2906,waste_basket, ,2.2312802,48.8934607,0
17481,6009644596,2903,drinking_water, ,2.2312946,48.8934563,0
15459,5309090119,2902,bench, ,2.2318634,48.8934558,0
23356,8992199021,2907,camera_surveillance, ,2.2405599,48.8934544,0
5804,1955771881,2907,camera_surveillance, ,2.2396107,48.8934497,0
15458,5309090118,2902,bench, ,2.2318996,48.893447,0
8829,2813297787,2906,waste_basket, ,2.2380988,48.8934432,0
15457,5309090117,2902,bench, ,2.2319359,48.8934364,0
8828,2813297785,2906,waste_basket, ,2.2381139,48.8934322,0
7515,2514837527,2301,restaurant,Piccolino,2.2464924,48.8934138,0
8827,2813297781,2701,tourist_info, ,2.2379468,48.8934064,0
8826,2813297780,2902,bench, ,2.2379301,48.8933946,0
22757,8644680439,2725,artwork,Scratching the surface,2.2318467,48.8933836,0
13354,4343154769,2302,fast_food,¨¦qui Eat,2.2463607,48.8933589,0
8825,2813297778,2701,tourist_info, ,2.2380026,48.8933503,0
8824,2813297777,2902,bench, ,2.2379841,48.8933339,0
5783,1952414682,2907,camera_surveillance, ,2.2388808,48.893327,0
13353,4343154768,2301,restaurant,Alfred's Caf¨¦,2.2462666,48.8933205,0
8823,2813297776,2906,waste_basket, ,2.2378218,48.8933161,0
8822,2813297773,2527,newsagent,Relay,2.2378248,48.8932538,0
5602,1930418804,2907,camera_surveillance, ,2.2360675,48.8932474,0
8821,2813297772,2906,waste_basket, ,2.2378572,48.8932452,0
5603,1930418829,2907,camera_surveillance, ,2.235271,48.8932423,0
5556,1921759170,2907,camera_surveillance, ,2.2431345,48.8932371,0
8820,2813297771,2906,waste_basket, ,2.2378877,48.8932289,0
13352,4343154767,2512,clothes,Jann's,2.246015,48.8932148,0
5791,1952414716,2907,camera_surveillance, ,2.2393973,48.8931607,0
8819,2813297769,2701,tourist_info, ,2.2376434,48.8931567,0
17488,6010239980,2902,bench, ,2.2317675,48.893156,0
5812,1956554613,2907,camera_surveillance, ,2.2433978,48.8931426,0
13351,4343154766,2301,restaurant, ,2.2458425,48.8931423,0
23969,9137670474,2906,waste_basket, ,2.2372938,48.8931421,0
8818,2813297768,2593,vending_any, ,2.2376283,48.8931368,0
5780,1952414670,2907,camera_surveillance, ,2.2383017,48.89312,0
5779,1952414647,2907,camera_surveillance, ,2.2382975,48.8931193,0
5781,1952414680,2907,camera_surveillance, ,2.238296,48.8931168,0
8817,2813297767,2902,bench, ,2.2375871,48.8931035,0
8816,2813297766,2593,vending_any, ,2.2376999,48.8930942,0
5784,1952414683,2907,camera_surveillance, ,2.2390921,48.8930911,0
22756,8642547320,2725,artwork,Slinky,2.23351,48.8930846,0
8814,2813297763,2906,waste_basket, ,2.2375407,48.8930842,0
8815,2813297764,2502,bakery,Bonne Journ¨¦e,2.2375614,48.8930839,0
8813,2813297757,2906,waste_basket, ,2.2375642,48.8930677,0
8812,2813297755,2902,bench, ,2.237661,48.8930619,0
5314,1849331894,2907,camera_surveillance, ,2.2304564,48.8930554,0
8811,2813297753,2701,tourist_info, ,2.2376585,48.8930518,0
8810,2813297752,2906,waste_basket, ,2.2376282,48.8930505,0
5553,1921759066,2907,camera_surveillance, ,2.2429124,48.8930421,0
8809,2813297750,2527,newsagent,Relay,2.237642,48.8930398,0
4492,1506814102,2906,waste_basket, ,2.2337847,48.893038,0
24301,9306526121,2084,college,"Ascencia Business School La D¨¦fense, Grande Arche",2.235602,48.893034,0
8808,2813297747,2906,waste_basket, ,2.2376559,48.8930308,0
17487,6010133782,2906,waste_basket, ,2.230518,48.8930281,0
5499,1911378512,2907,camera_surveillance, ,2.24066,48.8930001,0
9779,3020735490,2902,bench, ,2.2275763,48.8929994,0
24300,9306483726,2084,college,Exchange College,2.2357483,48.8929932,0
5500,1911378513,2907,camera_surveillance, ,2.2406587,48.8929919,0
21587,7942318435,2906,waste_basket, ,2.2467993,48.8929757,0
9778,3020735489,2902,bench, ,2.22758,48.8929731,0
17441,5994212194,2593,vending_any,RATP,2.2378208,48.8929525,0
8807,2813297743,2906,waste_basket, ,2.2373834,48.8929513,0
17358,5934175873,2906,waste_basket, ,2.2395768,48.8929369,0
5790,1952414715,2907,camera_surveillance, ,2.2392893,48.8929364,0
24303,9306533980,2084,college,ICN Business School,2.2362016,48.8929256,0
5782,1952414681,2907,camera_surveillance, ,2.2383204,48.8929182,0
14165,4514556390,2082,school,ESSEC,2.2390021,48.8929157,0
8806,2813297738,2593,vending_any, ,2.2373327,48.8928917,0
17759,6093201246,2906,waste_basket, ,2.2413162,48.8928888,0
5807,1956516692,2907,camera_surveillance, ,2.2448338,48.8928836,0
8805,2813297736,2906,waste_basket, ,2.2374522,48.8928828,0
8804,2813297733,2902,bench, ,2.237314,48.8928766,0
17359,5934175874,2906,waste_basket, ,2.2395017,48.8928725,0
5785,1952414684,2907,camera_surveillance, ,2.2387369,48.8928706,0
17357,5934175872,2906,waste_basket, ,2.239617,48.8928677,0
9777,3020735487,2902,bench, ,2.2276194,48.8928659,0
8802,2813297729,2701,tourist_info, ,2.2372713,48.8928602,0
5554,1921759143,2907,camera_surveillance, ,2.242781,48.8928594,0
8803,2813297730,2593,vending_any, ,2.2374199,48.8928546,0
8801,2813297728,2701,tourist_info, ,2.2372627,48.8928534,0
8800,2813297726,2902,bench, ,2.2372516,48.8928441,0
1400,821915330,2401,hotel,Hilton Paris La Defense,2.2382885,48.8928428,0
5795,1955771578,2301,restaurant,Flo Prestige,2.2385708,48.8928417,0
9776,3020735484,2902,bench, ,2.2276269,48.8928405,0
8799,2813297725,2902,bench, ,2.2374001,48.8928362,0
8796,2813297722,2906,waste_basket, ,2.2372242,48.8928211,0
8798,2813297724,2593,vending_any, ,2.2372362,48.892809,0
8794,2813297720,2701,tourist_info, ,2.2373487,48.8928069,0
17360,5934175875,2906,waste_basket, ,2.2393763,48.8928006,0
8793,2813297717,2902,bench, ,2.2373341,48.8927953,0
5333,1854959654,2907,camera_surveillance, ,2.2453065,48.8927834,0
8792,2813297715,2906,waste_basket, ,2.2373193,48.8927832,0
17356,5934175871,2906,waste_basket, ,2.2396338,48.8927729,0
8791,2813297710,2593,vending_any, ,2.2373161,48.8927633,0
10027,3086274035,2251,sports_centre,CMG Sports Club,2.2425937,48.8927518,0
6044,1999941083,2907,camera_surveillance, ,2.2419496,48.8927516,0
8790,2813297709,2906,waste_basket, ,2.2371373,48.8927513,0
8789,2813297708,2906,waste_basket, ,2.2372869,48.8927404,0
22136,8299883212,2542,bicycle_shop,Atelier Cyclofix,2.2347817,48.892724,0
5786,1952414685,2907,camera_surveillance, ,2.238505,48.8927192,0
5803,1955771868,2907,camera_surveillance, ,2.2394489,48.8927005,0
6043,1999941068,2907,camera_surveillance, ,2.242129,48.8926931,0
5802,1955771816,2907,camera_surveillance, ,2.2396467,48.8926802,0
17355,5934175870,2906,waste_basket, ,2.2395258,48.8926402,0
24302,9306528318,2084,college,Digital College Paris La D¨¦fense,2.2367109,48.892636,0
8788,2813296297,2906,waste_basket, ,2.2369953,48.8926256,0
8787,2813296293,2906,waste_basket, ,2.2370286,48.8926127,0
8786,2813296292,2906,waste_basket, ,2.2371183,48.8926032,0
5808,1956516712,2907,camera_surveillance, ,2.2443032,48.8926002,0
5809,1956516725,2907,camera_surveillance, ,2.2442996,48.8925964,0
8785,2813296288,2906,waste_basket, ,2.2371386,48.8925954,0
5801,1955771807,2907,camera_surveillance, ,2.2398763,48.892595,0
5899,1984216193,2907,camera_surveillance, ,2.2336129,48.892594,0
5800,1955771800,2907,camera_surveillance, ,2.2399555,48.8925787,0
17353,5934175868,2906,waste_basket, ,2.2392254,48.8925635,0
24381,9364003568,2301,restaurant,Y¨´ki Ono,2.2394559,48.8925633,0
5799,1955771794,2907,camera_surveillance, ,2.2400347,48.8925623,0
51,181805216,2742,viewpoint,Grande Arche,2.2358933,48.8925554,0
3882,1355008423,2602,atm, ,2.240009,48.8925542,0
8784,2813296282,2902,bench, ,2.2369582,48.8925503,0
8783,2813296281,2906,waste_basket, ,2.2370239,48.8925502,0
8782,2813296280,2701,tourist_info, ,2.2370778,48.8925378,0
3880,1354936721,2519,optician,Optic 2000,2.2389363,48.8925266,0
5555,1921759163,2907,camera_surveillance, ,2.2429601,48.8925252,0
8781,2813296279,2906,waste_basket, ,2.2369169,48.8925244,0
5798,1955771744,2907,camera_surveillance, ,2.2401292,48.8925156,0
20160,7214191735,2906,waste_basket, ,2.2268649,48.8925148,0
8780,2813296278,2906,waste_basket, ,2.236949,48.8925125,0
8779,2813296277,2902,bench, ,2.2370539,48.892512,0
17354,5934175869,2906,waste_basket, ,2.2394058,48.8925101,0
5797,1955771731,2907,camera_surveillance, ,2.2401605,48.8925062,0
8778,2813296276,2701,tourist_info, ,2.236915,48.8924974,0
3881,1355008382,2901,toilet, ,2.2401837,48.8924959,0
8777,2813296275,2906,waste_basket, ,2.2370438,48.8924923,0
8776,2813296274,2593,vending_any, ,2.2370321,48.8924822,0
5501,1911378516,2907,camera_surveillance, ,2.2407304,48.8924771,0
13078,4230212724,2592,vending_parking, ,2.2275532,48.8924722,0
5503,1911378518,2907,camera_surveillance, ,2.2407211,48.8924699,0
5502,1911378517,2907,camera_surveillance, ,2.2407307,48.8924687,0
6041,1999941060,2907,camera_surveillance, ,2.2422032,48.8924669,0
8775,2813296273,2902,bench, ,2.2368912,48.8924633,0
3879,1354936704,2501,supermarket,Monoprix,2.2388368,48.8924571,0
8774,2813296271,2593,vending_any, ,2.2368752,48.8924466,0
22755,8641700148,2725,artwork,La voiture sur le lampadaire,2.2339822,48.8924384,0
5811,1956554610,2907,camera_surveillance, ,2.2439844,48.892437,0
24589,9469285584,2593,vending_any, ,2.2366352,48.8924359,0
8773,2813296270,2906,waste_basket, ,2.2368435,48.8924324,0
17489,6010240589,2902,bench, ,2.2321092,48.8924301,0
8772,2813296269,2902,bench, ,2.2370012,48.8924297,0
5788,1952414693,2907,camera_surveillance, ,2.2390327,48.8924281,0
5810,1956554607,2907,camera_surveillance, ,2.2439752,48.892425,0
5604,1930418831,2907,camera_surveillance, ,2.2345598,48.8924199,0
8771,2813296266,2906,waste_basket, ,2.2368762,48.8924176,0
5796,1955771721,2907,camera_surveillance, ,2.2391299,48.8924152,0
8770,2813296262,2701,tourist_info, ,2.2369767,48.8924077,0
17365,5934532023,2906,waste_basket, ,2.2391255,48.8924019,0
21585,7941698576,2906,waste_basket, ,2.2453623,48.8923734,0
5787,1952414686,2907,camera_surveillance, ,2.2390992,48.8923633,0
5597,1930418729,2907,camera_surveillance, ,2.2381653,48.8923421,0
5557,1921764839,2907,camera_surveillance, ,2.2439646,48.8923404,0
19590,6785537829,2906,waste_basket, ,2.2443855,48.8923391,0
17442,5994212203,2906,waste_basket, ,2.2371568,48.8923368,0
17352,5934175867,2906,waste_basket, ,2.2389867,48.892336,0
5505,1911378520,2907,camera_surveillance, ,2.2404158,48.8923355,0
5901,1984216353,2907,camera_surveillance, ,2.2337564,48.8923329,0
6042,1999941061,2907,camera_surveillance, ,2.2421107,48.8923321,0
5550,1921737508,2907,camera_surveillance, ,2.2436598,48.8923256,0
8769,2813296257,2906,waste_basket, ,2.2369087,48.892325,0
21586,7941698577,2563,car_rental,Autolib',2.2453677,48.8923241,0
8768,2813296256,2906,waste_basket, ,2.2369237,48.89232,0
5789,1952414710,2907,camera_surveillance, ,2.2393948,48.8923108,0
17364,5934176805,2906,waste_basket, ,2.2388851,48.8922946,0
18,154291007,2301,restaurant,Le Valmy (brasserie),2.2316407,48.8922925,0
24591,9469285587,2593,vending_any, ,2.2369182,48.892282,0
24590,9469285586,2593,vending_any, ,2.2369514,48.8922715,0
24581,9469285539,2593,vending_any, ,2.2373447,48.8922703,0
22183,8383788634,2725,artwork, ,2.233893,48.8922687,0
17368,5936341564,2725,artwork, ,2.2391249,48.8922684,0
24582,9469285540,2593,vending_any, ,2.237362,48.8922652,0
24583,9469285541,2593,vending_any, ,2.2373817,48.8922593,0
17363,5934176804,2906,waste_basket, ,2.2390101,48.8922553,0
8767,2813296251,2906,waste_basket, ,2.2368471,48.892233,0
19589,6785537828,2906,waste_basket, ,2.2443602,48.8922293,0
5900,1984216244,2907,camera_surveillance, ,2.2340492,48.8922274,0
5596,1930418726,2907,camera_surveillance, ,2.238519,48.8922248,0
24584,9469285542,2593,vending_any, ,2.2375432,48.8922194,0
5598,1930418752,2907,camera_surveillance, ,2.2380973,48.892214,0
24585,9469285543,2593,vending_any, ,2.2375656,48.8922126,0
24586,9469285544,2593,vending_any, ,2.2375827,48.8922034,0
17362,5934176803,2906,waste_basket, ,2.2391798,48.8922019,0
8766,2813296247,2701,tourist_info, ,2.2366813,48.8921963,0
22184,8383788635,2906,waste_basket, ,2.2345143,48.8921784,0
20168,7216259376,2902,bench, ,2.2280621,48.8921691,0
17361,5934176802,2906,waste_basket, ,2.2393126,48.8921601,0
17443,5994212208,2602,atm, ,2.2378153,48.8921562,0
24578,9466715787,2593,vending_any, ,2.2374707,48.8921465,0
24577,9466715786,2593,vending_any, ,2.2374667,48.8921408,0
8765,2813296245,2701,tourist_info, ,2.2367882,48.8921407,0
5595,1930418707,2907,camera_surveillance, ,2.2387877,48.8921387,0
5504,1911378519,2907,camera_surveillance, ,2.2404435,48.8921371,0
8764,2813296243,2902,bench, ,2.2366191,48.8921197,0
8763,2813296242,2906,waste_basket, ,2.2365955,48.8921157,0
61,205405677,2004,post_box, ,2.2423985,48.8921134,0
17439,5994166980,2907,camera_surveillance, ,2.2375036,48.8921013,0
17440,5994166981,2907,camera_surveillance, ,2.2375076,48.8921,0
17479,6009570769,2033,recycling_clothes, ,2.2298357,48.8920856,0
8762,2813296240,2902,bench, ,2.2367396,48.8920825,0
17478,6009570768,2033,recycling_clothes, ,2.2298169,48.8920789,0
8761,2813296238,2906,waste_basket, ,2.2367082,48.8920744,0
8760,2813296236,2906,waste_basket, ,2.2367466,48.8920633,0
22185,8383788636,2906,waste_basket, ,2.2345677,48.8920593,0
5552,1921737555,2907,camera_surveillance, ,2.2431918,48.8920554,0
5551,1921737546,2907,camera_surveillance, ,2.2432045,48.8920537,0
13072,4230212629,2592,vending_parking, ,2.2279858,48.8920091,0
19592,6786287548,2906,waste_basket, ,2.242337,48.8920022,0
24587,9469285582,2593,vending_any, ,2.2372069,48.8919786,0
19591,6786287547,2906,waste_basket, ,2.2424193,48.8919763,0
24588,9469285583,2593,vending_any, ,2.2372203,48.8919743,0
17480,6009570771,2907,camera_surveillance, ,2.230014,48.891938,0
20169,7216259377,2902,bench, ,2.228431,48.891916,0
17121,5843593669,2903,drinking_water, ,2.2421067,48.8919096,0
6032,1999940991,2907,camera_surveillance, ,2.2435535,48.8919049,0
14815,4988195231,2527,newsagent, ,2.2372013,48.8918985,0
17451,5996489623,2701,tourist_info, ,2.2409438,48.8918941,0
17450,5996489622,2701,tourist_info, ,2.2409648,48.8918874,0
17444,5994920605,2725,artwork,cnit,2.2394682,48.8918669,0
19503,6775207415,2907,camera_surveillance, ,2.2313764,48.8918336,0
6033,1999940992,2907,camera_surveillance, ,2.2434172,48.8917956,0
5898,1984211762,2907,camera_surveillance, ,2.2324922,48.8917929,0
5506,1911378521,2907,camera_surveillance, ,2.2409875,48.8917882,0
6038,1999941050,2907,camera_surveillance, ,2.2433638,48.8917724,0
6039,1999941058,2907,camera_surveillance, ,2.2430514,48.8917462,0
1480,827014390,2907,camera_surveillance, ,2.231396,48.8917319,0
13070,4230212553,2906,waste_basket, ,2.2289512,48.8917255,0
17449,5996489043,2906,waste_basket, ,2.2396425,48.8917209,0
5594,1930392233,2907,camera_surveillance, ,2.2400426,48.8917195,0
5600,1930418779,2907,camera_surveillance, ,2.2372238,48.8916891,0
16439,5546739657,2302,fast_food,Jour,2.2360823,48.8916862,0
5601,1930418785,2907,camera_surveillance, ,2.2372183,48.891685,0
19425,6697039570,2907,camera_surveillance, ,2.2316301,48.8916809,0
7210,2402805079,2301,restaurant,Cojean,2.2409495,48.8916774,0
6037,1999941039,2907,camera_surveillance, ,2.2440092,48.8916692,0
6040,1999941059,2907,camera_surveillance, ,2.2424065,48.8916668,0
56,202289608,2601,bank,BNP Paribas,2.2407215,48.8916652,0
6035,1999940996,2907,camera_surveillance, ,2.2433931,48.8916597,0
1479,827006779,2907,camera_surveillance, ,2.2316278,48.8916527,0
6034,1999940993,2907,camera_surveillance, ,2.2431454,48.8916486,0
5599,1930418772,2907,camera_surveillance, ,2.2376848,48.8916377,0
20167,7215966939,2906,waste_basket, ,2.2287259,48.8916067,0
19426,6697039571,2907,camera_surveillance, ,2.2323607,48.8915995,0
6036,1999941019,2907,camera_surveillance, ,2.2434425,48.8915886,0
23181,8894876817,2302,fast_food,Five Guys,2.2362146,48.8915713,0
19415,6696769281,2906,waste_basket, ,2.2291289,48.8915697,0
12655,4096803678,2083,kindergarten,Plumes et Compagnies,2.2473064,48.8915522,0
19507,6775207429,2902,bench, ,2.231008,48.8915177,0
19505,6775207427,2902,bench, ,2.2309172,48.8915059,0
19504,6775207426,2902,bench, ,2.230803,48.8914911,0
791,592647598,2601,bank,HSBC,2.2418499,48.8914817,0
19506,6775207428,2902,bench, ,2.2307163,48.8914798,0
5593,1930392199,2907,camera_surveillance, ,2.2408569,48.8914659,0
9775,3020581336,2907,camera_surveillance, ,2.2299199,48.8914633,0
1377,820938929,2301,restaurant,Pizza Del Arte,2.2372226,48.8914112,0
6291,2128086749,2593,vending_any, ,2.2404586,48.8913471,0
5892,1984203934,2907,camera_surveillance, ,2.2362918,48.8913384,0
17448,5996489042,2701,tourist_info, ,2.2392831,48.8913193,0
1376,820938903,2302,fast_food,McDonald's,2.2370668,48.8913168,0
23626,9067315217,2907,camera_surveillance, ,2.243016,48.8913037,0
55,202289605,2001,police,Police nationale,2.2422117,48.891299,0
2202,959829279,2251,sports_centre,Gymnase des Renardi¨¨res,2.2484712,48.8912873,0
3286,1215374962,2004,post_box, ,2.240314,48.8912714,0
21589,7942720459,2564,car_wash,Total Wash,2.2477977,48.8912701,0
6290,2128086747,2593,vending_any, ,2.2403224,48.8912692,0
9774,3020561113,2902,bench, ,2.2302163,48.8912203,0
5891,1984203933,2907,camera_surveillance, ,2.2366756,48.8911922,0
9773,3020561112,2902,bench, ,2.230219,48.8911883,0
4483,1506812702,2601,bank,CIC,2.242119,48.8911508,0
9772,3020561111,2902,bench, ,2.230219,48.8911494,0
17447,5995438244,2592,vending_parking, ,2.2408142,48.8911368,0
18687,6368335130,2301,restaurant,Dapprima,2.2444001,48.8911271,0
17446,5995438243,2592,vending_parking, ,2.2408137,48.8911193,0
21241,7768954429,2203,cinema,UGC Cin¨¦ Cit¨¦ La D¨¦fense,2.2353195,48.8910945,0
5395,1880664791,2907,camera_surveillance, ,2.2469175,48.8910236,0
17370,5936552217,2906,waste_basket, ,2.2381599,48.891018,0
3619,1282766450,2903,drinking_water, ,2.2363257,48.8909966,0
19640,6803859602,2902,bench, ,2.2468622,48.8909914,0
4484,1506812708,2601,bank,Caisse d'¨¦pargne,2.2427286,48.8909748,0
17369,5936552216,2906,waste_basket, ,2.2382984,48.8909734,0
17453,5997590257,2701,tourist_info, ,2.2420239,48.8909384,0
5897,1984211761,2907,camera_surveillance, ,2.2331727,48.8909208,0
19999,7113758076,2301,restaurant,Hanoi C¨¤ Ph¨º,2.2364299,48.8908767,0
21612,7959409718,2907,camera_surveillance, ,2.2494354,48.8908758,0
20297,7260518930,2902,bench, ,2.2303177,48.8908697,0
6289,2128086741,2593,vending_any, ,2.242345,48.8908644,0
60,204128499,2701,tourist_info,EPAD Info,2.2423805,48.8908397,0
5878,1977370892,2907,camera_surveillance, ,2.2420118,48.8908362,0
5893,1984203935,2907,camera_surveillance, ,2.2357228,48.8908287,0
11201,3585251693,2529,beauty_shop,Yves Rocher,2.238003,48.8908255,0
3002,1157085175,2722,museum,Mus¨¦e de la D¨¦fense,2.2422993,48.8907734,0
17452,5997589491,2701,tourist_info,Centre - Grande Arche,2.2419314,48.890757,0
65,227450780,2301,restaurant,Bold¨¨re,2.23561,48.8907277,0
5895,1984203937,2907,camera_surveillance, ,2.235481,48.8907203,0
17525,6015044816,2593,vending_any, ,2.235584,48.8907068,0
59,204128496,2301,restaurant,Globe Trotter,2.242646,48.8907062,0
17524,6015044815,2593,vending_any, ,2.2355635,48.8907058,0
17523,6015044814,2593,vending_any, ,2.2355424,48.8907047,0
17522,6015044813,2593,vending_any, ,2.235522,48.8907037,0
17521,6015044812,2593,vending_any, ,2.2355026,48.8907027,0
17520,6015044811,2593,vending_any, ,2.2354823,48.8907017,0
17519,6015044810,2593,vending_any, ,2.2354627,48.8907007,0
19594,6788158809,2907,camera_surveillance, ,2.2454305,48.8907002,0
19595,6788158812,2004,post_box, ,2.2453834,48.8906752,0
4481,1506812684,2301,restaurant,Au Jardin des Corolles,2.245291,48.890647,0
5894,1984203936,2907,camera_surveillance, ,2.235491,48.8906045,0
5896,1984211759,2907,camera_surveillance, ,2.2341428,48.8905933,0
4491,1506814072,2004,post_box, ,2.2453019,48.8905582,0
3292,1215386256,2004,post_box, ,2.2398686,48.890555,0
22985,8805204644,2301,restaurant,Koedo,2.2432514,48.8905513,0
22743,8637706787,2301,restaurant,Eclipse,2.243405,48.8904953,0
12500,4006468495,2701,tourist_info, ,2.2390049,48.8903839,0
4489,1506812949,2601,bank,Soci¨¦t¨¦ G¨¦n¨¦rale,2.2406572,48.8903639,0
19647,6808297463,2906,waste_basket, ,2.2467633,48.890234,0
19646,6808297462,2906,waste_basket, ,2.2467593,48.8902277,0
12618,4084765689,2519,optician,Grand Optical,2.240042,48.8902152,0
10063,3102964284,2301,restaurant,Le Ballon d'Alsace,2.2464919,48.8902011,0
19645,6808297456,2725,artwork,Sculpture La Terre,2.2470695,48.8901673,0
5396,1880675035,2907,camera_surveillance, ,2.243201,48.8901609,0
10064,3102964592,2725,artwork,La Terre,2.2469756,48.8900598,0
22984,8805204635,2301,restaurant,IT,2.2434345,48.8900531,0
4490,1506814063,2004,post_box, ,2.2423412,48.8900215,0
19644,6808297448,2906,waste_basket, ,2.2466075,48.8899737,0
17475,6007129730,2906,waste_basket, ,2.2378924,48.8899446,0
747,570045220,2903,drinking_water,Fontaine Wallace,2.2446949,48.8899303,0
748,570045220,2725,artwork,Fontaine Wallace,2.2446949,48.8899303,0
17469,6003208961,2907,camera_surveillance, ,2.2418114,48.8898955,0
7208,2402805077,2301,restaurant,Le Tourbillon,2.2477261,48.889674,0
7204,2402805073,2602,atm, ,2.2470059,48.8896705,0
7206,2402805075,2501,supermarket,Franprix,2.2468477,48.8896405,0
16820,5659739777,2120,doctors,Beno?t Gaultier - Ost¨¦opathe D.O.,2.2458709,48.8896389,0
64,227420651,2083,kindergarten,Cr¨¨che des Jardins,2.2333391,48.8896116,0
6175,2041931477,2301,restaurant,La Safran¨¦e,2.246063,48.889593,0
19864,7010858668,2120,doctors,Point Vision,2.2424669,48.8895871,0
9031,2822802101,2527,newsagent, ,2.24776,48.889559,0
10062,3102964283,2561,hairdresser,Franck Provost,2.2479757,48.8895093,0
9178,2845831401,2601,bank,Soci¨¦t¨¦ G¨¦n¨¦rale,2.243425,48.889509,0
10065,3102964593,2083,kindergarten,Saperlipopette,2.2467343,48.8894976,0
7207,2402805076,2101,pharmacy,Pharmacie Manhattan,2.2476309,48.8893866,0
7209,2402805078,2301,restaurant,Baguettes Chinoises,2.2472795,48.8893619,0
16821,5660252325,2302,fast_food,Exki,2.243987,48.8893353,0
6172,2041908463,2305,bar,Le Nouveau Monde,2.248058,48.889333,0
7205,2402805074,2301,restaurant,Pause,2.2474646,48.8893125,0
17474,6007128694,2906,waste_basket, ,2.2366694,48.8892412,0
17468,5999842967,2004,post_box, ,2.2441433,48.8890245,0
16866,5705436105,2725,artwork,Les Chemin¨¦es,2.2387314,48.8889767,0
16867,5705436106,2725,artwork,Les Chemin¨¦es,2.2388372,48.8889366,0
17467,5999671206,2725,artwork, ,2.2426395,48.8888528,0
17535,6021759234,2592,vending_parking, ,2.2392046,48.8888329,0
17464,5998971661,2906,waste_basket, ,2.2427391,48.8887039,0
17476,6007156148,2906,waste_basket, ,2.2366016,48.8886907,0
17463,5998971660,2906,waste_basket, ,2.2426887,48.8886339,0
13673,4367380545,2907,camera_surveillance, ,2.2356737,48.8886018,0
17465,5998971662,2906,waste_basket, ,2.2426385,48.8885642,0
17466,5999671205,2725,artwork, ,2.2423625,48.8884681,0
16002,5448645932,2303,cafe,Starbucks,2.2476007,48.8884615,0
14827,5013368662,2301,restaurant,Porto,2.2389704,48.8884453,0
17534,6021649970,2906,waste_basket, ,2.2388151,48.8884418,0
17461,5998658666,2906,waste_basket, ,2.2402547,48.8884184,0
17462,5998658667,2004,post_box, ,2.240127,48.8884182,0
17533,6021649969,2906,waste_basket, ,2.2388397,48.8884067,0
6174,2041920256,2302,fast_food,Titanka,2.2479136,48.888395,0
17540,6023046735,2906,waste_basket, ,2.2361375,48.8883142,0
22754,8640934932,2725,artwork,Banc public,2.2492871,48.8882948,0
12833,4149719997,2906,waste_basket, ,2.2510023,48.8882787,0
7910,2696457283,2903,drinking_water, ,2.2361425,48.8882752,0
6173,2041913984,2301,restaurant,L'Italian Lounge,2.2473159,48.8882542,0
17531,6021649967,2906,waste_basket, ,2.2393381,48.8882291,0
17532,6021649968,2906,waste_basket, ,2.2393304,48.8882178,0
17541,6023047522,2906,waste_basket, ,2.2394913,48.8882024,0
17768,6105626426,2906,waste_basket, ,2.2510329,48.8880906,0
10058,3102735136,2302,fast_food,Anka,2.2476143,48.8880308,0
10059,3102735500,2302,fast_food,Pomme de Pain,2.2473832,48.8880288,0
17537,6021850843,2906,waste_basket, ,2.2384576,48.8880241,0
10057,3102734662,2302,fast_food,Pasta Bella,2.2474691,48.8880011,0
17536,6021850842,2906,waste_basket, ,2.2382605,48.8880007,0
17548,6025133272,2906,waste_basket, ,2.2435505,48.8879965,0
13672,4367377240,2907,camera_surveillance, ,2.2366457,48.8879952,0
17546,6025117953,2906,waste_basket, ,2.2430466,48.8879816,0
10061,3102735535,2301,restaurant,Andrea,2.2482995,48.8879723,0
17545,6025117950,2906,waste_basket, ,2.2432511,48.8879573,0
16168,5510822653,2502,bakery,Panam,2.2470905,48.8879542,0
10060,3102735501,2301,restaurant,Story Place,2.2480887,48.8879509,0
14664,4885344321,2120,doctors,Emeric Goubely - Ost¨¦opathe Puteaux,2.2416542,48.8879413,0
17661,6057722972,2906,waste_basket, ,2.2508912,48.8878949,0
23150,8880798190,2301,restaurant,DS Caf¨¦,2.246979,48.8878689,0
17539,6022967503,2906,waste_basket, ,2.2386823,48.8878217,0
7911,2696457284,2004,post_box, ,2.236965,48.8877571,0
17660,6057722971,2906,waste_basket, ,2.2507863,48.8877553,0
21584,7939857370,2302,fast_food,Paririe,2.2506433,48.8877219,0
21581,7939857367,2301,restaurant,Marco Marco,2.2507652,48.8876843,0
7912,2696478062,2031,recycling_glass, ,2.2374038,48.8875507,0
17547,6025133271,2031,recycling_glass, ,2.2433932,48.8875349,0
17543,6025117890,2907,camera_surveillance, ,2.2433155,48.8874892,0
17544,6025117891,2907,camera_surveillance, ,2.2433198,48.8874869,0
3798,1325227101,2082,school,¨¦cole maternelle D¨¦fense 2000,2.2370257,48.8873177,0
17674,6063270358,2701,tourist_info, ,2.249078,48.8868273,0
17673,6063270357,2906,waste_basket, ,2.2492639,48.8867762,0
10405,3210710710,2101,pharmacy,Pharmacie Bellini,2.2488194,48.8866695,0
17672,6063270338,2906,waste_basket, ,2.2490675,48.886653,0
